{"eval_loss": 0.30032482743263245, "eval_accuracy": 0.9001219272613525, "eval_runtime": 30.3907, "eval_samples_per_second": 323.849, "eval_steps_per_second": 10.135}